Date,date,actual,probability,predicted,QQQ,TQQQ,SQQQ,TMF,TLT,VIX,signal_strength,price_momentum,high_conviction,bull_market,vix_spike,vix_collapse,position,position_change,trade_counter,TQQQ_weight,SQQQ_weight,TMF_weight,position_weight,QQQ_return,TQQQ_return,SQQQ_return,TMF_return,strategy_return,transaction_cost,strategy_equity,buy_hold_equity,strategy_peak,strategy_drawdown,buy_hold_peak,buy_hold_drawdown
2024-12-31 00:00:00-05:00,2024-12-31 00:00:00-05:00,1,0.36664043435601856,0,510.4687805175781,78.89722442626953,30.692222595214844,39.70035171508789,86.43583679199219,17.350000381469727,0.2667191312879629,,True,True,False,False,CASH,True,,0.0,0.0,0.0,0.0,,,,,0.0,0.0006000000000000001,500.0,,500.0,0.0,,
2025-01-02 00:00:00-05:00,2025-01-02 00:00:00-05:00,0,0.37010685017951117,0,509.4702453613281,78.39869689941406,30.889347076416016,39.9883918762207,86.67338562011719,17.93000030517578,0.25978629964097766,,True,True,False,False,CASH,False,,0.0,0.0,0.0,0.0,-0.001956114055080005,-0.0063186953721210415,0.006422619951671482,0.007255355398358976,0.0,0.0,500.0,499.02194297246,500.0,0.0,499.02194297246,0.0
2025-01-03 00:00:00-05:00,2025-01-03 00:00:00-05:00,0,0.36179894580387045,0,517.8078002929688,82.1576156616211,29.41091537475586,39.56129837036133,86.39625549316406,16.1299991607666,0.2764021083922591,,True,True,False,False,CASH,False,,0.0,0.0,0.0,0.0,0.016365145967901285,0.047946189297377595,-0.04786218685693544,-0.010680437142393528,0.0,0.0,500.0,507.18850991039,500.0,0.0,507.18850991039,0.0
2025-01-06 00:00:00-05:00,2025-01-06 00:00:00-05:00,0,0.36999043445069585,0,523.7589111328125,84.95934295654297,28.39572525024414,39.10439682006836,86.01024627685547,16.040000915527344,0.2600191310986083,,True,True,False,False,CASH,False,,0.0,0.0,0.0,0.0,0.011492895310724727,0.03410185741588734,-0.034517461003035654,-0.011549205135169993,0.0,0.0,500.0,513.0175743575926,500.0,0.0,513.0175743575926,0.0
2025-01-07 00:00:00-05:00,2025-01-07 00:00:00-05:00,1,0.37197629196806736,0,514.412841796875,80.38285064697266,29.93329620361328,37.72377395629883,85.04027557373047,17.81999969482422,0.2560474160638653,,True,True,False,False,CASH,False,1.0,0.0,0.0,0.0,0.0,-0.017844220188489635,-0.053866851488143075,0.054147972619784435,-0.03530607747569181,0.0,0.0,500.0,503.8631758001908,500.0,0.0,513.0175743575926,-0.017844220188489746
2025-01-08 00:00:00-05:00,2025-01-08 00:00:00-05:00,0,0.3658374324149191,0,514.5027465820312,80.44267272949219,29.91358184814453,37.83303451538086,85.1491470336914,17.700000762939453,0.26832513517016177,0.007902473605463145,True,True,False,False,CASH,False,0.0,0.0,0.0,0.0,0.0,0.00017477165780355186,0.0007442144939877604,-0.0006586095742563414,0.0028963316132846195,0.0,0.0,500.0,503.95123680273156,500.0,0.0,513.0175743575926,-0.01767256719463073
2025-01-10 00:00:00-05:00,2025-01-10 00:00:00-05:00,1,0.35593959737814057,0,506.4347839355469,76.60399627685547,31.37230110168457,37.048362731933594,84.5849838256836,19.540000915527344,0.28812080524371886,-0.005958074006124581,True,True,False,False,SQQQ,True,1.0,0.0,1.0,0.0,1.0,-0.015681087613393374,-0.04771940466902669,0.04876444622864584,-0.020740387164245644,0.04816444622864584,0.0006000000000000001,524.0822231143229,496.04873330555,524.0822231143229,0.0,513.0175743575926,-0.03307652973349151
2025-01-13 00:00:00-05:00,2025-01-13 00:00:00-05:00,1,0.3476614188567317,0,504.80718994140625,75.80635070800781,31.687700271606445,36.839778900146484,84.5552978515625,19.190000534057617,0.30467716228653663,-0.02510701913761615,True,True,False,False,SQQQ,False,1.0,0.0,1.0,0.0,1.0,-0.0032138274181967574,-0.010412584298668648,0.010053427987306351,-0.005630041826580445,0.010053427987306351,0.0,529.3510460038302,494.4545182856909,529.3510460038302,0.0,513.0175743575926,-0.036184054893531936
2025-01-14 00:00:00-05:00,2025-01-14 00:00:00-05:00,1,0.3477806420753105,0,504.3279113769531,75.53714752197266,31.79611587524414,36.73052215576172,84.41673278808594,18.709999084472656,0.304438715849379,-0.037099129662219954,True,True,False,False,SQQQ,False,1.0,0.0,1.0,0.0,1.0,-0.0009494289582301363,-0.0035511956916653986,0.003421378096498895,-0.0029657274730368055,0.003421378096498895,0.0,531.1621560779864,493.9850688475027,531.1621560779864,0.0,513.0175743575926,-0.037099129662219954
2025-01-15 00:00:00-05:00,2025-01-15 00:00:00-05:00,1,0.3474512375447829,0,515.9306030273438,80.64208221435547,29.647464752197266,38.60776901245117,85.8716812133789,16.1200008392334,0.3050975249104342,0.0029504730581124683,True,True,False,False,CASH,True,2.0,0.0,0.0,0.0,0.0,0.023006245319066476,0.0675817774413292,-0.0675758992537756,0.05110863517618092,0.0,0.0006000000000000001,531.1621560779864,505.3498105253643,531.1621560779864,0.0,513.0175743575926,-0.014946396021286334
2025-01-16 00:00:00-05:00,2025-01-16 00:00:00-05:00,1,0.3447220374062211,0,512.3160400390625,78.99694061279297,30.248693466186523,39.024940490722656,86.14881134033203,16.600000381469727,0.3105559251875578,-0.004250135801014854,True,True,False,False,SQQQ,True,3.0,0.0,1.0,0.0,1.0,-0.007005909258090082,-0.0204005347628492,0.02027926229154886,0.010805376455110594,0.01967926229154886,0.0006000000000000001,541.6150354667898,501.80937560923053,541.6150354667898,0.0,513.0175743575926,-0.021847592185115894
2025-01-17 00:00:00-05:00,2025-01-17 00:00:00-05:00,0,0.36270531895359953,0,520.9630737304688,82.89543151855469,28.770263671875,39.11433029174805,86.29727935791016,15.970000267028809,0.27458936209280094,0.028687385337202498,True,True,False,True,TQQQ,True,3.0,1.0,0.0,0.0,1.0,0.016878319270946296,0.049349897293748946,-0.04887582321412276,0.0022905813539073616,0.04874989729374894,0.0006000000000000001,568.018712818546,510.2790744639174,568.018712818546,0.0,513.0175743575926,-0.005338023550371274
2025-01-21 00:00:00-05:00,2025-01-21 00:00:00-05:00,0,0.3759603694574197,0,524.0185546875,84.27136993408203,28.287309646606445,40.1771125793457,87.06929016113281,15.0600004196167,0.24807926108516065,0.038056836607901046,True,True,False,True,TQQQ,False,3.0,0.8,0.0,0.0,0.8,0.00586506244128171,0.01659848305656464,-0.01678656931255995,0.027171174341233062,0.013278786445251711,0.0,575.5613120029702,513.2718930981277,575.5613120029702,0.0,513.2718930981277,0.0
2025-01-22 00:00:00-05:00,2025-01-22 00:00:00-05:00,0,0.36561531962106614,0,530.7185668945312,87.54173278808594,27.212982177734375,39.58115768432617,86.61399841308594,15.100000381469727,0.2687693607578677,0.052328365974281255,True,True,False,True,TQQQ,False,3.0,1.0,0.0,0.0,1.0,0.012785830095323192,0.038807519761005604,-0.03797913206641601,-0.014833193745383833,0.038807519761005604,0.0,597.8974189921959,519.8345003159852,597.8974189921959,0.0,519.8345003159852,0.0
2025-01-23 00:00:00-05:00,2025-01-23 00:00:00-05:00,0,0.3636949388910712,0,531.8468627929688,88.08013153076172,27.045427322387695,38.66736602783203,85.94096374511719,15.020000457763672,0.27261012221785763,0.030849613634532647,True,True,False,False,CASH,True,3.0,0.0,0.0,0.0,0.0,0.0021259778135136465,0.006150195175815165,-0.006157166247063195,-0.02308653182360032,0.0,0.0006000000000000001,597.8974189921959,520.9396569303559,597.8974189921959,0.0,520.9396569303559,0.0
2025-01-24 00:00:00-05:00,2025-01-24 00:00:00-05:00,0,0.362353025380906,0,528.8413696289062,86.49481201171875,27.52838134765625,39.07460021972656,86.32696533203125,14.850000381469727,0.27529394923818795,0.03225612375631215,True,True,False,False,CASH,False,2.0,0.0,0.0,0.0,0.0,-0.005651049906131411,-0.017998605264222367,0.01785714159778773,0.010531728269295826,0.0,0.0,597.8974189921959,517.9958009309595,597.8974189921959,0.0,520.9396569303559,-0.005651049906131411
2025-01-27 00:00:00-05:00,2025-01-27 00:00:00-05:00,1,0.3376377505033091,0,513.4443359375,78.9072036743164,29.962862014770508,40.53468704223633,87.34642028808594,17.899999618530273,0.32472449899338185,-0.014432381433734265,True,True,False,False,SQQQ,True,2.0,0.0,1.0,0.0,1.0,-0.02911465436641336,-0.0877232768177395,0.08843530014965917,0.0373666477532546,0.08783530014965917,0.0006000000000000001,650.4139182480819,502.91453222360116,650.4139182480819,0.0,520.9396569303559,-0.03460117590772038
2025-01-28 00:00:00-05:00,2025-01-28 00:00:00-05:00,1,0.3375644672792362,0,521.0330200195312,82.40687561035156,28.622419357299805,40.33603286743164,87.28704071044922,16.40999984741211,0.32487106544152755,-0.00569738350152349,True,True,False,False,SQQQ,False,2.0,0.0,1.0,0.0,1.0,0.01477995480887917,0.04435174195856417,-0.04473680307341532,-0.004900843926528786,-0.04473680307341532,0.0,621.316478871209,510.3475862825946,650.4139182480819,-0.04473680307341532,520.9396569303559,-0.020332624915091357
2025-01-29 00:00:00-05:00,2025-01-29 00:00:00-05:00,1,0.335300369348938,0,520.0545043945312,81.89837646484375,28.8096866607666,40.097652435302734,87.10887908935547,16.559999465942383,0.32939926130212405,-0.02009362996738584,True,True,False,False,SQQQ,False,2.0,0.0,1.0,0.0,1.0,-0.0018780299662453093,-0.006170591249111013,0.006542679049213129,-0.005909863097156021,0.006542679049213129,0.0,625.3815531804505,509.38913822235486,650.4139182480819,-0.038486822568399526,520.9396569303559,-0.022172469602453893
2025-01-30 00:00:00-05:00,2025-01-30 00:00:00-05:00,1,0.3320310761548256,0,522.2711181640625,82.92534637451172,28.435152053833008,40.57441329956055,87.43549346923828,15.84000015258789,0.33593784769034885,-0.018004702666891137,True,True,False,False,SQQQ,False,1.0,0.0,1.0,0.0,1.0,0.0042622720326437324,0.01253956371294862,-0.013000301299480599,0.011889994433640805,-0.013000301299480599,0.0,617.2514045619674,511.5602932999325,650.4139182480819,-0.05098678357843134,520.9396569303559,-0.01800470266689136
2025-01-31 00:00:00-05:00,2025-01-31 00:00:00-05:00,1,0.33199037937206044,0,521.5122680664062,82.47666931152344,28.612564086914062,39.63082504272461,86.86144256591797,16.43000030517578,0.3360192412558791,-0.013858790146547895,True,True,False,False,SQQQ,False,1.0,0.0,1.0,0.0,1.0,-0.0014529811648857915,-0.005410614276628367,0.006239180038326575,-0.02325574617356596,0.006239180038326575,0.0,621.1025472039396,510.8170058290642,650.4139182480819,-0.04506571926242564,520.9396569303559,-0.01943152333792275
2025-02-03 00:00:00-05:00,2025-02-03 00:00:00-05:00,1,0.3345344854381952,0,517.3385009765625,80.48255157470703,29.292640686035156,40.67374038696289,87.56867218017578,18.6200008392334,0.3309310291236096,0.007584395749447914,True,True,False,False,CASH,True,1.0,0.0,0.0,0.0,0.0,-0.008003200203359873,-0.02417796151884366,0.02376846049362369,0.02631576161015947,0.0,0.0006000000000000001,621.1025472039396,506.72883506413336,650.4139182480819,-0.04506571926242564,520.9396569303559,-0.027279209169753016
2025-02-04 00:00:00-05:00,2025-02-04 00:00:00-05:00,1,0.3352394785941865,0,523.6890258789062,83.40393829345703,28.238027572631836,41.01144790649414,87.83685302734375,17.209999084472656,0.329521042811627,0.00509757684700185,True,True,False,False,CASH,False,1.0,0.0,0.0,0.0,0.0,0.012275376548151806,0.03629838594317247,-0.03600266444759592,0.008302839038612175,0.0,0.0,621.1025472039396,512.9491223223519,650.4139182480819,-0.04506571926242564,520.9396569303559,-0.015338695186095763
2025-02-05 00:00:00-05:00,2025-02-05 00:00:00-05:00,1,0.3395349327436877,0,526.0654907226562,84.49072265625,27.88320541381836,43.02775192260742,89.28705596923828,15.770000457763672,0.32093013451262464,0.011558377587986168,True,True,False,False,CASH,False,1.0,0.0,0.0,0.0,0.0,0.00453793134152769,0.013030372246561228,-0.012565401669816678,0.049164419181454866,0.0,0.0,621.1025472039396,515.2768502211477,650.4139182480819,-0.04506571926242564,520.9396569303559,-0.010870369790190959
2025-02-06 00:00:00-05:00,2025-02-06 00:00:00-05:00,1,0.3586077046566132,0,528.8114013671875,85.75699615478516,27.439674377441406,43.07741165161133,89.24732971191406,15.5,0.28278459068677364,0.012522774045243157,True,True,False,False,CASH,False,1.0,0.0,0.0,0.0,0.0,0.005219712550920574,0.014987130642579283,-0.015906744931023842,0.0011541325489936582,0.0,0.0,621.1025472039396,517.9664472634457,650.4139182480819,-0.04506571926242564,520.9396569303559,-0.005707397444897677
2025-02-07 00:00:00-05:00,2025-02-07 00:00:00-05:00,1,0.3362259787895523,0,522.141357421875,82.48664093017578,28.514001846313477,42.133819580078125,88.67121124267578,16.540000915527344,0.3275480424208954,0.0012062791117095628,True,True,False,False,CASH,False,1.0,0.0,0.0,0.0,0.0,-0.012613275598952312,-0.038135141985461085,0.039152340297277544,-0.02190456750662051,0.0,0.0,621.1025472039396,511.4331937131017,650.4139182480819,-0.04506571926242564,520.9396569303559,-0.018248684066924814
2025-02-10 00:00:00-05:00,2025-02-10 00:00:00-05:00,1,0.3533953738938551,0,528.4619140625,85.38807678222656,27.508668899536133,41.71665573120117,88.40303039550781,15.8100004196167,0.2932092522122898,0.021501228044965126,True,True,False,True,TQQQ,True,1.0,1.0,0.0,0.0,1.0,0.012105068006551756,0.03517461517807252,-0.03525751847095859,-0.009900926453726977,0.03457461517807252,0.0006000000000000001,642.5769287596364,517.6241273038069,650.4139182480819,-0.012049233985574559,520.9396569303559,-0.006364517622032939
2025-02-11 00:00:00-05:00,2025-02-11 00:00:00-05:00,1,0.35512064779739877,0,527.2037963867188,84.77987670898438,27.69593620300293,40.931983947753906,87.83685302734375,16.020000457763672,0.28975870440520246,0.006711560361444713,True,True,False,False,CASH,True,2.0,0.0,0.0,0.0,0.0,-0.0023807158894566527,-0.007122775171448548,0.006807574156012963,-0.018809556271798256,0.0,0.0006000000000000001,642.5769287596364,516.3918113191685,650.4139182480819,-0.012049233985574559,520.9396569303559,-0.00873008140325826
2025-02-12 00:00:00-05:00,2025-02-12 00:00:00-05:00,1,0.35000974129971957,0,527.5133056640625,84.94937133789062,27.656511306762695,39.27325439453125,86.64490509033203,15.890000343322754,0.29998051740056086,0.002752157225552665,True,True,False,False,CASH,False,2.0,0.0,0.0,0.0,0.0,0.0005870771027542965,0.001999231839980853,-0.001423490289378937,-0.040524044848152974,0.0,0.0,642.5769287596364,516.6949731276438,650.4139182480819,-0.012049233985574559,520.9396569303559,-0.008148129531400872
2025-02-13 00:00:00-05:00,2025-02-13 00:00:00-05:00,0,0.3771920094569483,0,535.10205078125,88.52881622314453,26.483623504638672,41.13063430786133,88.08517456054688,15.100000381469727,0.24561598108610339,0.01189582788457022,True,True,False,False,CASH,False,2.0,0.0,0.0,0.0,0.0,0.014385883798010424,0.042136213945792145,-0.04240910175236834,0.04729376116048889,0.0,0.0,642.5769287596364,524.1280869700742,650.4139182480819,-0.012049233985574559,524.1280869700742,0.0
2025-02-14 00:00:00-05:00,2025-02-14 00:00:00-05:00,0,0.37667851156153476,0,537.3486938476562,89.56575775146484,26.20764923095703,41.80604934692383,88.5520248413086,14.770000457763672,0.2466429768769305,0.02912494137769328,True,True,False,False,CASH,False,2.0,0.0,0.0,0.0,0.0,0.004198531968109931,0.011713039579187567,-0.010420563244803116,0.016421216215802614,0.0,0.0,642.5769287596364,526.3286554986023,650.4139182480819,-0.012049233985574559,526.3286554986023,0.0
2025-02-18 00:00:00-05:00,2025-02-18 00:00:00-05:00,0,0.378149391313848,0,538.5668334960938,90.12410736083984,26.030237197875977,40.32609939575195,87.50907135009766,15.350000381469727,0.243701217372304,0.019121376895286923,True,True,False,False,CASH,False,1.0,0.0,0.0,0.0,0.0,0.002266944467129939,0.006233962882604693,-0.0067694752595929275,-0.035400378038370484,0.0,0.0,642.5769287596364,527.5218133320768,650.4139182480819,-0.012049233985574559,527.5218133320768,0.0
2025-02-19 00:00:00-05:00,2025-02-19 00:00:00-05:00,0,0.3734122012053662,0,538.7166748046875,90.13407897949219,26.0203800201416,40.47509002685547,87.61832427978516,15.270000457763672,0.25317559758926755,0.02183762426764413,True,True,False,False,CASH,False,0.0,0.0,0.0,0.0,0.0,0.000278222310165388,0.00011064318909048687,-0.0003786818252727864,0.0036946452380963724,0.0,0.0,642.5769287596364,527.6685816696447,650.4139182480819,-0.012049233985574559,527.6685816696447,0.0
2025-02-20 00:00:00-05:00,2025-02-20 00:00:00-05:00,0,0.37102313998905406,0,536.4299926757812,89.03731536865234,26.37520408630371,40.792930603027344,87.94612121582031,15.65999984741211,0.2579537200218919,0.016903245692530877,True,True,False,False,CASH,False,0.0,0.0,0.0,0.0,0.0,-0.0042446841463285034,-0.01216813466401967,0.01363639062486599,0.007852745378972292,0.0,0.0,642.5769287596364,525.4287952065158,650.4139182480819,-0.012049233985574559,527.6685816696447,-0.0042446841463287255
2025-02-21 00:00:00-05:00,2025-02-21 00:00:00-05:00,0,0.3747460869828889,0,525.296630859375,83.46376037597656,28.031047821044922,42.322540283203125,89.00894165039062,18.209999084472656,0.25050782603422217,-0.01832439234265515,True,True,False,False,SQQQ,True,1.0,0.0,1.0,0.0,1.0,-0.020754547598786588,-0.06259796771273807,0.06278031932276384,0.0374969304132875,0.06218031932276384,0.0006000000000000001,682.5325673793516,514.5237582666291,682.5325673793516,0.0,527.6685816696447,-0.02491113524595845
2025-02-24 00:00:00-05:00,2025-02-24 00:00:00-05:00,0,0.3774373010875263,0,519.0958862304688,80.46260833740234,29.046236038208008,42.65031433105469,89.26720428466797,18.979999542236328,0.24512539782494736,-0.03396827390886403,True,True,False,False,SQQQ,False,1.0,0.0,0.8,0.0,0.8,-0.011804272604531985,-0.035957546425598674,0.03621656327812728,0.00774466857750622,0.028973250622501823,0.0,702.3077545120531,508.45017956254145,702.3077545120531,0.0,527.6685816696447,-0.036421350019158916
2025-02-25 00:00:00-05:00,2025-02-25 00:00:00-05:00,0,0.36657381301830033,0,512.5556640625,77.39167785644531,30.150131225585938,44.82554244995117,90.80679321289062,19.43000030517578,0.26685237396339934,-0.04829701313900614,True,True,False,False,SQQQ,False,1.0,0.0,1.0,0.0,1.0,-0.012599256402245906,-0.03816593252955158,0.03800475854860652,0.051001455745723456,0.03800475854860652,0.0,728.9987911490978,502.044085382465,728.9987911490978,0.0,527.6685816696447,-0.04856172449399743
2025-02-26 00:00:00-05:00,2025-02-26 00:00:00-05:00,0,0.3685250992737783,0,513.7938232421875,77.89020538330078,29.953006744384766,45.57048034667969,91.34317779541016,19.100000381469727,0.2629498014524434,-0.046263375032034815,True,True,False,False,SQQQ,False,1.0,0.0,1.0,0.0,1.0,0.002415657979220942,0.00644161673016308,-0.006538096956403616,0.016618603055618575,-0.006538096956403616,0.0,724.2325263714638,503.2568521832399,728.9987911490978,-0.006538096956403838,527.6685816696447,-0.04626337503203504
2025-02-27 00:00:00-05:00,2025-02-27 00:00:00-05:00,0,0.36378128655481096,0,499.5250549316406,71.42926025390625,32.446624755859375,44.686485290527344,90.6975326538086,21.1299991607666,0.2724374268903781,-0.06879730486368607,True,True,True,False,SQQQ,False,1.0,0.0,1.0,0.0,1.0,-0.02777138934934409,-0.08294939135928536,0.08325100824617837,-0.01939841426790556,0.08325100824617837,0.0,784.5256143965652,489.2807101985339,784.5256143965652,0.0,527.6685816696447,-0.07274996618074969
2025-02-28 00:00:00-05:00,2025-02-28 00:00:00-05:00,0,0.35979292509838673,0,507.413330078125,74.69961547851562,30.948482513427734,46.2657585144043,91.81002807617188,19.6299991607666,0.28041414980322654,-0.03404419470955533,True,True,False,False,SQQQ,False,0.0,0.0,1.0,0.0,1.0,0.015791550531061738,0.04578453161889673,-0.046172514204612214,0.03534118231965144,-0.046172514204612214,0.0,748.3020943219577,497.0072112575078,784.5256143965652,-0.0461725142046121,527.6685816696447,-0.058107250416764344
2025-03-03 00:00:00-05:00,2025-03-03 00:00:00-05:00,0,0.35729215476750437,0,496.3098449707031,69.87385559082031,32.94929504394531,46.911373138427734,92.23848724365234,22.780000686645508,0.28541569046499127,-0.04389563058422896,True,True,True,False,SQQQ,False,0.0,0.0,1.0,0.0,1.0,-0.02188252544668523,-0.06460220520255888,0.06464977821285678,0.013954480478741704,0.06464977821285678,0.0,796.6796587560884,486.13143830997933,796.6796587560884,0.0,527.6685816696447,-0.07871824247756776
2025-03-04 00:00:00-05:00,2025-03-04 00:00:00-05:00,0,0.3599348022865884,0,494.8121032714844,69.10611724853516,33.323829650878906,45.18311309814453,91.10256958007812,23.510000228881836,0.28013039542682316,-0.034617822092493755,True,True,True,False,SQQQ,False,0.0,0.0,1.0,0.0,1.0,-0.0030177553687398273,-0.010987490754496454,0.011366999094641228,-0.03684096040385332,0.011366999094641228,0.0,805.735515715888,484.66441255210617,805.735515715888,0.0,527.6685816696447,-0.08149844544745322
2025-03-05 00:00:00-05:00,2025-03-05 00:00:00-05:00,0,0.3583183958051139,0,501.2624816894531,71.79817962646484,32.04252243041992,44.100467681884766,90.37518310546875,21.93000030517578,0.28336320838977225,-0.024389825229229056,True,True,False,False,SQQQ,False,0.0,0.0,1.0,0.0,1.0,0.013036015843835624,0.038955485926779554,-0.03845017916256188,-0.023961284250336945,-0.03845017916256188,0.0,774.7548407789728,490.9825055130787,805.735515715888,-0.03845017916256199,527.6685816696447,-0.06952484462971853
2025-03-06 00:00:00-05:00,2025-03-06 00:00:00-05:00,0,0.35474179010252743,0,487.4730529785156,65.84573364257812,34.66427230834961,43.61376953125,90.07625579833984,24.8700008392334,0.29051641979494514,-0.02412692183132692,True,True,True,False,SQQQ,False,0.0,0.0,1.0,0.0,1.0,-0.027509397201365804,-0.08290524933716625,0.08182095787317611,-0.011036122204996168,0.08182095787317611,0.0,838.1460239683885,477.4758727499976,838.1460239683885,0.0,527.6685816696447,-0.09512165526480221
2025-03-07 00:00:00-05:00,2025-03-07 00:00:00-05:00,0,0.35511080045781135,0,491.0577087402344,67.21170806884766,33.97433853149414,43.15687561035156,89.78730010986328,23.3700008392334,0.2897783990843773,-0.03223333004549245,True,True,True,False,SQQQ,False,0.0,0.0,1.0,0.0,1.0,0.007353546498244601,0.020745071103380308,-0.0199033105532489,-0.010475909920399484,-0.0199033105532489,0.0,821.4641433643748,480.98701378205465,838.1460239683885,-0.01990331055324901,527.6685816696447,-0.08846759028153739
2025-03-10 00:00:00-04:00,2025-03-10 00:00:00-04:00,1,0.34431679897553275,0,472.0260925292969,59.634063720703125,37.81825637817383,44.51763153076172,90.72393035888672,27.860000610351562,0.3113664020489345,-0.048928613219106465,True,True,True,False,SQQQ,False,0.0,0.0,1.0,0.0,1.0,-0.03875637399066889,-0.11274292181925272,0.11314180092472981,0.03153045490818074,0.11314180092472981,0.0,914.4060759397106,462.3457011912623,914.4060759397106,0.0,527.6685816696447,-0.12379528125720174
2025-03-11 00:00:00-04:00,2025-03-11 00:00:00-04:00,1,0.34307893021131874,0,470.89776611328125,58.93612289428711,38.24207305908203,43.5343132019043,90.07625579833984,26.920000076293945,0.3138421395773625,-0.048330137844429855,True,True,False,False,SQQQ,False,0.0,0.0,1.0,0.0,1.0,-0.0023903899252043503,-0.011703727414667409,0.011206668987330692,-0.02208828940456875,0.011206668987330692,0.0,924.6535221527708,461.2405146851732,924.6535221527708,0.0,527.6685816696447,-0.12588975218930099
2025-03-12 00:00:00-04:00,2025-03-12 00:00:00-04:00,1,0.3482170861890766,0,476.2098693847656,60.95018005371094,36.95091247558594,42.729774475097656,89.53819274902344,24.229999542236328,0.3035658276218468,-0.049979029390450846,True,True,False,False,SQQQ,False,0.0,0.0,1.0,0.0,1.0,0.01128079947231364,0.03417356046709097,-0.03376282926663832,-0.018480565504165325,-0.03376282926663832,0.0,893.434603153531,466.44367643984333,924.6535221527708,-0.03376282926663832,527.6685816696447,-0.11602908976705417
2025-03-13 00:00:00-04:00,2025-03-13 00:00:00-04:00,1,0.3553189713680642,0,467.6426086425781,57.6200065612793,38.971435546875,43.802486419677734,90.32536315917969,24.65999984741211,0.28936205726387165,-0.040680083165153924,True,True,False,False,SQQQ,False,0.0,0.0,1.0,0.0,1.0,-0.017990514882137765,-0.0546376317427939,0.054681276751259,0.025104554324414607,0.054681276751259,0.0,942.2887479477206,458.05211453717334,942.2887479477206,0.0,527.6685816696447,-0.13193218158297682
2025-03-14 00:00:00-04:00,2025-03-14 00:00:00-04:00,1,0.35460815470094215,0,478.9457702636719,61.707942962646484,36.201839447021484,43.087345123291016,89.84707641601562,21.770000457763672,0.2907836905981157,-0.024665000184264763,True,True,False,False,SQQQ,False,0.0,0.0,1.0,0.0,1.0,0.024170512721035653,0.0709464758047127,-0.07106733588302727,-0.016326500042368575,-0.07106733588302727,0.0,875.3227969985227,469.1234689984913,942.2887479477206,-0.07106733588302727,527.6685816696447,-0.11095053733520654
2025-03-17 00:00:00-04:00,2025-03-17 00:00:00-04:00,1,0.35292592587355026,0,482.0511169433594,62.904415130615234,35.502052307128906,43.71309280395508,90.29547119140625,20.510000228881836,0.2941481482528995,0.02123828443538911,True,True,False,True,TQQQ,True,1.0,1.0,0.0,0.0,1.0,0.006483712504607553,0.019389273252764294,-0.01933015422922535,0.014522771799319045,0.018789273252764294,0.0006000000000000001,891.769476215702,472.1651307006417,942.2887479477206,-0.05361336622351509,527.6685816696447,-0.10518619621691216
2025-03-18 00:00:00-04:00,2025-03-18 00:00:00-04:00,1,0.35364339542084855,0,473.8334045410156,59.733768463134766,37.29587936401367,43.90181350708008,90.38514709472656,21.700000762939453,0.2927132091583029,0.006234131140533394,True,True,False,True,TQQQ,False,1.0,1.0,0.0,0.0,1.0,-0.017047387950164916,-0.05040419914718086,0.05052741856629406,0.004317258080350772,-0.05040419914718086,0.0,846.8205499431485,464.11594854104754,942.2887479477206,-0.10131522658261516,527.6685816696447,-0.1204404342731652
2025-03-19 00:00:00-04:00,2025-03-19 00:00:00-04:00,1,0.35997626859515913,0,480.1739501953125,62.056915283203125,35.8765869140625,44.5077018737793,90.85346221923828,19.899999618530273,0.28004746280968174,0.008324230691959977,True,True,False,True,TQQQ,False,1.0,1.0,0.0,0.0,1.0,0.01338138171250014,0.038891683545833944,-0.03805493995995246,0.013800987209822368,0.038891683545833944,0.0,879.7548267916466,470.3264612073343,942.2887479477206,-0.06636386276740669,527.6685816696447,-0.10867071198529366
2025-03-20 00:00:00-04:00,2025-03-20 00:00:00-04:00,1,0.3632852724004817,0,478.5463562011719,61.41879653930664,36.221553802490234,44.65668487548828,90.91324615478516,19.799999237060547,0.2734294551990366,0.02331641162947906,True,True,False,True,TQQQ,False,1.0,1.0,0.0,0.0,1.0,-0.0033895924455681348,-0.010282798314810937,0.009615376436282963,0.003347353276776488,-0.010282798314810937,0.0,870.7084853412665,468.73224618747514,942.2887479477206,-0.07596425486598879,527.6685816696447,-0.11169195500646201
2025-03-21 00:00:00-04:00,2025-03-21 00:00:00-04:00,0,0.34896544952258,0,480.1239929199219,61.99708938598633,35.8765869140625,43.78262710571289,90.37518310546875,19.280000686645508,0.30206910095483996,0.00246003353490587,True,True,False,False,CASH,True,2.0,0.0,0.0,0.0,0.0,0.0032967270533073023,0.009415567859744511,-0.0095238014997584,-0.01957283153042899,0.0,0.0006000000000000001,870.7084853412665,470.2775284642389,942.2887479477206,-0.07596425486598879,527.6685816696447,-0.10876344584286124
2025-03-24 00:00:00-04:00,2025-03-24 00:00:00-04:00,0,0.3641210396214579,0,490.6600036621094,65.93547058105469,33.63922882080078,42.402000427246094,89.4485092163086,17.479999542236328,0.27175792075708416,0.017858866863203593,True,True,False,False,CASH,False,1.0,0.0,0.0,0.0,0.0,0.021944353745189327,0.0635252595577267,-0.062362623808697504,-0.03153366460019136,0.0,0.0,870.7084853412665,480.5974649072715,942.2887479477206,-0.07596425486598879,527.6685816696447,-0.08920583562779338
2025-03-25 00:00:00-04:00,2025-03-25 00:00:00-04:00,0,0.36506615585871033,0,493.4599914550781,67.11199951171875,33.03799819946289,42.400001525878906,89.43855285644531,17.149999618530273,0.26986768828257934,0.04142085958053987,True,True,False,True,TQQQ,True,2.0,1.0,0.0,0.0,1.0,0.005706574353056437,0.017843641977465685,-0.017872901443154343,-4.714167603048214e-05,0.017243641977465685,0.0006000000000000001,885.7226707292328,483.3400300746553,942.2887479477206,-0.060030513302517075,527.6685816696447,-0.08400832100847344
2025-03-26 00:00:00-04:00,2025-03-26 00:00:00-04:00,0,0.36028459343192343,0,484.3800048828125,63.380001068115234,34.86000061035156,41.58000183105469,88.85066223144531,18.329999923706055,0.27943081313615314,0.008759439544334224,True,True,False,False,CASH,True,3.0,0.0,0.0,0.0,0.0,-0.018400654013492,-0.05560851219984664,0.05514869272310485,-0.01933961474797896,0.0,0.0006000000000000001,885.7226707292328,474.4462574103808,942.2887479477206,-0.060030513302517075,527.6685816696447,-0.10086316697283415
2025-03-27 00:00:00-04:00,2025-03-27 00:00:00-04:00,0,0.3606195882416447,0,481.6199951171875,62.29999923706055,35.470001220703125,41.189998626708984,88.59159851074219,18.690000534057617,0.2787608235167106,0.006422865572344838,True,True,False,False,CASH,False,3.0,0.0,0.0,0.0,0.0,-0.005698025801648687,-0.017040104336602857,0.017498582893610948,-0.0093795860310526,0.0,0.0,885.7226707292328,471.74285039416077,942.2887479477206,-0.060030513302517075,527.6685816696447,-0.10598647184663557
2025-03-28 00:00:00-04:00,2025-03-28 00:00:00-04:00,0,0.35486201278489865,0,468.94000244140625,57.34000015258789,38.29999923706055,42.79999923706055,89.81718444824219,21.649999618530273,0.2902759744302027,-0.023293962900081455,True,True,False,False,SQQQ,True,3.0,0.0,1.0,0.0,1.0,-0.02632779536633645,-0.07961475353473346,0.07978567575310969,0.03908717319809729,0.07918567575310968,0.0006000000000000001,955.8592189407763,459.32290116345104,955.8592189407763,0.0,527.6685816696447,-0.12952387707059387
2025-03-31 00:00:00-04:00,2025-03-31 00:00:00-04:00,0,0.3467329938670983,0,468.9200134277344,57.29999923706055,38.34000015258789,44.0,90.7040023803711,22.280000686645508,0.30653401226580335,-0.044307646990004335,True,True,True,False,SQQQ,False,3.0,0.0,1.0,0.0,1.0,-4.2625951225727654e-05,-0.0006976092678914192,0.0010444103478894906,0.028037401503044235,0.0010444103478894906,0.0,956.8575282001635,459.30332208786916,956.8575282001635,0.0,527.6685816696447,-0.12956098194335308
2025-04-01 00:00:00-04:00,2025-04-01 00:00:00-04:00,0,0.34665510081388706,0,472.70001220703125,58.619998931884766,37.439998626708984,45.13999938964844,91.48999786376953,21.770000457763672,0.3066897983722259,-0.0420702379271547,True,True,True,False,SQQQ,False,2.0,0.0,1.0,0.0,1.0,0.008061073682195108,0.02303664419545859,-0.023474218108946898,0.02590907703746459,-0.023474218108946898,0.0,934.3960458840052,463.0058000096965,956.8575282001635,-0.023474218108946787,527.6685816696447,-0.12254430888294077
2025-04-02 00:00:00-04:00,2025-04-02 00:00:00-04:00,0,0.33376782643665354,0,476.1499938964844,59.93000030517578,36.599998474121094,45.04999923706055,91.43000030517578,21.510000228881836,0.3324643471266929,-0.016990814863052095,True,True,True,False,SQQQ,False,1.0,0.0,1.0,0.0,1.0,0.007298459065709029,0.022347345567392596,-0.022435902334372648,-0.0019938004830485356,-0.022435902334372648,0.0,913.4320274569277,466.3850288882531,956.8575282001635,-0.045383455178451326,527.6685816696447,-0.11614023443934962
2025-04-03 00:00:00-04:00,2025-04-03 00:00:00-04:00,0,0.34819404780784907,0,450.6600036621094,50.29999923706055,42.529998779296875,45.70000076293945,91.8499984741211,30.020000457763672,0.30361190438430186,-0.06428302763373639,True,True,True,False,SQQQ,False,1.0,0.0,1.0,0.0,1.0,-0.05353353052844212,-0.16068748571795932,0.16202187301643556,0.014428446989721122,0.16202187301643556,0.0,1061.427995418699,441.41779170625546,1061.427995418699,0.0,527.6685816696447,-0.16345636818185227
2025-04-04 00:00:00-04:00,2025-04-04 00:00:00-04:00,1,0.354424711007028,0,422.6700134277344,41.09000015258789,50.36000061035156,47.18000030517578,92.8499984741211,45.310001373291016,0.291150577985944,-0.09866931541941393,True,True,True,False,SQQQ,False,0.0,0.0,1.0,0.0,1.0,-0.062108884762183125,-0.18310137622600242,0.18410538574636037,0.032385109792745004,0.18410538574636037,0.0,1256.8426059572448,414.0018249491943,1256.8426059572448,0.0,527.6685816696447,-0.2154131602089837
2025-04-07 00:00:00-04:00,2025-04-07 00:00:00-04:00,1,0.3522042550796096,0,423.69000244140625,41.25,50.16999816894531,42.849998474121094,90.05000305175781,46.97999954223633,0.29559148984078076,-0.09645570607171061,True,True,True,False,SQQQ,False,0.0,0.0,1.0,0.0,1.0,0.002413204110223166,0.0038938877298113628,-0.0037728840171458167,-0.09177621456224694,-0.0037728840171458167,0.0,1252.100684577161,415.0008958548016,1256.8426059572448,-0.0037728840171457056,527.6685816696447,-0.21351979202237303
2025-04-08 00:00:00-04:00,2025-04-08 00:00:00-04:00,1,0.3517792817985333,0,416.05999755859375,38.900001525878906,52.970001220703125,40.40999984741211,88.3499984741211,52.33000183105469,0.2964414364029334,-0.11982232533480563,True,True,True,False,SQQQ,False,0.0,0.0,1.0,0.0,1.0,-0.018008460994704878,-0.05696965997869319,0.055810308031682965,-0.05694279378288902,0.055810308031682965,0.0,1321.9808094700934,407.5273684090328,1321.9808094700934,0.0,527.6685816696447,-0.22768309017084554
2025-04-09 00:00:00-04:00,2025-04-09 00:00:00-04:00,0,0.3498482530285051,0,466.0,52.61000061035156,34.279998779296875,41.18000030517578,88.87000274658203,33.619998931884766,0.30030349394298983,-0.021316799383790386,True,True,True,False,SQQQ,False,0.0,0.0,1.0,0.0,1.0,0.12003077136578888,0.35244212202284464,-0.3528412688444744,0.019054700833238902,-0.3528412688444744,0.0,855.5314232686202,456.443192791839,1321.9808094700934,-0.3528412688444744,527.6685816696447,-0.13498129574520978
2025-04-10 00:00:00-04:00,2025-04-10 00:00:00-04:00,0,0.3409779515003204,0,446.17999267578125,46.13999938964844,38.209999084472656,37.77000045776367,86.41999816894531,40.720001220703125,0.3180440969993592,-0.009940999755742919,True,True,True,False,SQQQ,False,0.0,0.0,1.0,0.0,1.0,-0.04253220455840934,-0.12298044374913175,0.11464412033612059,-0.08280718363626427,0.11464412033612059,0.0,953.6130707091604,437.02965754672306,1321.9808094700934,-0.2786483253933093,527.6685816696447,-0.17177244822142468
2025-04-11 00:00:00-04:00,2025-04-11 00:00:00-04:00,0,0.36513635202204237,0,454.3999938964844,48.58000183105469,36.220001220703125,38.310001373291016,86.88999938964844,37.560001373291016,0.26972729595591527,0.07507033728612256,True,True,False,False,CASH,True,1.0,0.0,0.0,0.0,0.0,0.018423060996991536,0.05288258503864807,-0.052080552511141076,0.014297085225911,0.0,0.0006000000000000001,953.6130707091604,445.08108158520065,1321.9808094700934,-0.2786483253933093,527.6685816696447,-0.15651396151561903
2025-04-14 00:00:00-04:00,2025-04-14 00:00:00-04:00,0,0.3603393045687589,0,457.4800109863281,49.599998474121094,35.45000076293945,39.08000183105469,87.51000213623047,30.889999389648438,0.2793213908624822,0.07975172496451544,True,True,False,False,CASH,False,1.0,0.0,0.0,0.0,0.0,0.006778206714820989,0.020996224878986558,-0.021258984865067942,0.020099202040240627,0.0,0.0,953.6130707091604,448.0979331610412,1321.9808094700934,-0.2786483253933093,527.6685816696447,-0.15079663878570648
2025-04-15 00:00:00-04:00,2025-04-15 00:00:00-04:00,0,0.36255513838200665,0,457.989990234375,49.790000915527344,35.34000015258789,39.4900016784668,87.81999969482422,30.1200008392334,0.2748897232359867,0.10077871682407125,True,True,False,False,CASH,False,1.0,0.0,0.0,0.0,0.0,0.0011147574446965791,0.003830694501036902,-0.0031029790686650793,0.010491295501585896,0.0,0.0,953.6130707091604,448.59745366798563,1321.9808094700934,-0.2786483253933093,527.6685816696447,-0.14984998301673158
2025-04-16 00:00:00-04:00,2025-04-16 00:00:00-04:00,1,0.35348462843463413,0,444.17999267578125,45.290000915527344,38.540000915527344,40.189998626708984,88.30999755859375,32.63999938964844,0.29303074313073174,-0.046824050051971544,True,True,False,False,SQQQ,True,2.0,0.0,1.0,0.0,1.0,-0.030153492113499047,-0.09037959263416373,0.09054897422531916,0.017725928551273862,0.08994897422531915,0.0006000000000000001,1039.3895882273064,435.0706738866723,1321.9808094700934,-0.21376348220672103,527.6685816696447,-0.1754849748491275
2025-04-17 00:00:00-04:00,2025-04-17 00:00:00-04:00,1,0.3476957961611296,0,444.1000061035156,45.15999984741211,38.63999938964844,39.099998474121094,87.52999877929688,29.649999618530273,0.3046084076777408,-0.004661765669481843,True,True,False,True,SQQQ,False,2.0,0.0,1.0,0.0,1.0,-0.000180076936342366,-0.002870414340633509,0.0025946671444110336,-0.027121179144890872,0.0025946671444110336,0.0,1042.0864582421225,434.9923276926264,1321.9808094700934,-0.21172346014626686,527.6685816696447,-0.17563345098882488
